timestamp,altitude,longitude,latitude,speed,accuracy
1557364567302,77.5999984741,127.3580825,36.3675441,0.0,15.708
1557364623284,80.9000015259,127.3586999,36.3670311,0.0,15.631
1557364636257,74.0999984741,127.3586112,36.366996,0.0,22.576
1557364637621,92.1939948033,127.358704,36.3670405,1.2533631,10.598
1557364639606,84.5150911861,127.3587347,36.3670878,1.5314282,8.732
1557364645608,80.6999969482,127.3587603,36.3671307,0.3026588,8.915
1557364650611,81.0,127.3587268,36.3671717,0.0,9.894
1557364663999,81.3000030518,127.358745,36.367129,3.0921414,10.354
1557364664935,78.3702919001,127.358842,36.3670839,0.0,8.663
1557364666999,73.9802659949,127.3589753,36.367028,3.5817053,8.516
1557364667999,74.0519913965,127.3590554,36.3669923,3.327098,7.07
1557364669999,72.458093974,127.3591505,36.3669545,3.9104917,6.547
1557364670999,71.5282007796,127.3592496,36.3669322,4.038016,8.0
1557364672999,71.0120293884,127.3593307,36.3669064,4.0961003,8.0
1557364674999,70.3915005122,127.3594131,36.3668823,4.223167,6.0
1557364676999,69.5031485801,127.3594954,36.3668624,4.01956,6.0
1557364678999,68.5982693234,127.3595781,36.3668405,4.457832,6.0
1557364680999,68.5921322963,127.3596662,36.3668198,4.4424176,4.0
1557364682999,67.9892559556,127.3597547,36.3667955,4.429268,4.0
1557364684999,68.7144153081,127.3598488,36.3667704,4.4299817,4.0
1557364686999,68.5559047525,127.3599437,36.3667422,4.440239,4.0
1557364688999,68.447113603,127.3600403,36.3667152,4.444804,4.0
1557364690999,68.541949036,127.3601318,36.3666891,4.429464,4.0
1557364692999,68.4881250099,127.3602163,36.3666668,4.378974,4.0
1557364694999,68.5869543252,127.3602897,36.3666494,4.265709,6.0
1557364696999,68.0776340165,127.3603713,36.3666336,4.1458254,6.0
1557364698999,67.4795758264,127.3604523,36.3666293,4.034907,6.0
1557364701042,66.9176026025,127.3605079,36.3666348,0.0,5.648
1557364702999,65.6544707376,127.3605748,36.3666529,3.833902,5.06
1557364704999,63.5899567954,127.3606521,36.3666922,3.7763002,5.124
1557364705640,62.5781796985,127.3607042,36.3667265,0.0,4.866
1557364707999,61.2687367331,127.3607686,36.3667711,3.8002026,5.063
1557364709999,60.8642532219,127.3608553,36.366817,3.8638184,5.141
1557364711999,60.4592270013,127.3609472,36.3668465,3.9220672,5.189
1557364713999,60.3986048046,127.361093,36.3668581,4.019109,6.0
1557364714999,61.3023023981,127.3611489,36.36685,4.058379,6.0
1557364716999,60.7699575839,127.361254,36.3668296,4.1623363,6.0
1557364717999,60.1580822411,127.3613115,36.36681,4.235004,6.0
1557364718999,59.9986159024,127.3613659,36.3667994,4.3012705,6.0
1557364719999,59.9381455757,127.3614214,36.3667871,4.373862,6.0
1557364720999,59.7472175011,127.3614788,36.3667736,4.4346337,6.0
1557364722999,59.2360287653,127.3615859,36.3667477,4.5339804,6.0
1557364723999,59.6841408704,127.3616485,36.366734,4.5781817,6.0
1557364724999,59.4492594574,127.3617117,36.3667249,4.6248055,6.0
1557364725999,59.2593323782,127.3617737,36.366715,4.671665,6.0
1557364726999,59.7740847024,127.3618335,36.3667061,4.906447,8.0
1557364727999,59.6026298057,127.3618916,36.366694,4.993052,8.0
1557364728999,59.1200849949,127.3619546,36.3666824,5.1692405,8.0
1557364729999,58.7343576571,127.3620124,36.3666746,5.0001426,8.0
1557364730999,58.2911742354,127.3620726,36.3666649,5.109537,8.0
1557364731999,57.6971971169,127.36213,36.3666531,5.19861,8.0
1557364732999,57.9953289537,127.3621891,36.3666437,5.2249107,8.0
1557364733999,57.6192150886,127.3622515,36.3666349,5.2926316,8.0
1557364734999,57.3956987924,127.3623079,36.3666237,5.0941834,8.0
1557364735999,56.9238687712,127.3623624,36.3666074,5.09989,8.0
1557364736999,56.7021365857,127.3624174,36.3665934,4.9353776,8.0
1557364738999,55.3820150439,127.3625216,36.366573,4.858382,8.0
1557364740999,55.319928952,127.3626228,36.3665471,4.566976,8.0
1557364742999,54.8554819413,127.3627263,36.3665211,4.905592,6.0
1557364743999,54.9726666678,127.3627795,36.3665074,5.0151625,6.0
1557364745999,54.3192262146,127.362887,36.3664786,5.2029557,6.0
1557364746999,54.0159328852,127.3629432,36.366467,5.158584,6.0
1557364747999,54.0764610854,127.3629982,36.3664492,5.3261304,6.0
1557364748999,54.0318314643,127.3630434,36.3664156,5.3580294,6.0
1557364749999,53.6660513953,127.3630718,36.3663757,4.964183,6.0
1557364751999,53.2897879351,127.3631226,36.3663028,4.5850744,6.0
1557364753999,52.4696324671,127.3631564,36.3662509,3.7908063,5.38
1557364756999,52.1235839033,127.3631931,36.3662014,1.3493797,4.563
1557364768999,51.0653896695,127.3632449,36.3661834,2.3023849,4.703
1557364770999,50.7272233559,127.3632927,36.3662072,3.1098568,4.84
1557364772999,50.2306702621,127.3633608,36.3662363,3.753932,5.968
1557364773999,50.1781547989,127.3634416,36.3662575,4.0843573,6.0
1557364775999,50.1423839961,127.3634971,36.3662703,3.5806499,5.151
1557364776999,50.5065033718,127.3635706,36.3662798,4.205812,6.0
1557364778999,50.0536965069,127.3636402,36.3663013,3.9817238,5.412
1557364779999,49.8480109349,127.3637019,36.3663167,4.2244716,6.0
1557364781999,50.4325250056,127.3638108,36.3663357,4.273373,4.0
1557364782999,49.0927233273,127.3638811,36.3663457,4.39581,4.0
1557364783999,48.9132981456,127.3639469,36.3663558,4.4870334,4.0
1557364785999,48.8331447117,127.3640492,36.3663678,4.551741,6.0
1557364786999,50.7028139978,127.3641108,36.3663669,4.581457,6.0
1557364788999,51.288647451,127.3642282,36.3663697,4.6355095,6.0
1557364789999,51.9799685298,127.3642909,36.366371,4.661517,6.0
1557364790999,52.5350161937,127.3643485,36.3663752,4.683574,6.0
1557364791999,53.1260294886,127.3644092,36.3663796,4.7106795,6.0
1557364792999,53.5396246455,127.3644695,36.3663854,4.7216015,6.0
1557364794999,53.994074168,127.3645743,36.3663986,4.7216387,6.0
1557364796999,53.9808531655,127.3646785,36.3664148,4.708489,6.0
1557364798999,53.98050578,127.3647799,36.3664411,4.7009244,6.0
1557364800999,53.9667463447,127.3648764,36.3664786,4.6689506,6.0
1557364802999,53.3985925475,127.3649686,36.3665196,4.6352897,6.0
1557364804999,53.130442354,127.3650625,36.3665629,4.6207786,6.0
1557364806999,53.0622374827,127.3651467,36.3666152,4.656637,6.0
1557364807999,53.0563037478,127.3651926,36.3666479,4.679438,6.0
1557364809999,53.0881618675,127.3652882,36.366698,4.703864,6.0
1557364811999,52.8553986465,127.3653705,36.3667391,4.6719055,6.0
1557364813999,52.2105908407,127.3654489,36.3667798,4.5738306,6.0
1557364815999,52.0870436306,127.3655223,36.3668275,4.490028,6.0
1557364817999,52.6157340128,127.365609,36.366871,4.4621725,6.0
1557364818999,51.4794265213,127.3656572,36.3668936,4.4956694,6.0
1557364819999,51.6043215379,127.3657079,36.3669165,4.5313654,6.0
1557364821999,52.1360946529,127.365792,36.3669709,4.5828896,6.0
1557364823999,52.4134331228,127.365868,36.3670292,4.606057,6.0
1557364825999,52.9726327593,127.3659542,36.3670805,4.619244,6.0
1557364827999,53.6629168533,127.3660411,36.3671283,4.6101575,6.0
1557364829999,53.311669919,127.3661271,36.3671738,4.6123137,6.0
1557364831999,53.5672280561,127.3662197,36.3672193,4.6382017,6.0
1557364833999,54.1171783806,127.3663076,36.3672616,4.608407,6.0
1557364835999,54.2769530376,127.3663947,36.3672969,4.550508,6.0
1557364837999,53.8499513792,127.3664775,36.3673331,4.492733,6.0
1557364839999,54.1257438466,127.3665636,36.3673812,4.4562263,6.0
1557364841999,53.9795564479,127.3666521,36.3674282,4.4491363,6.0
1557364843999,53.8076328848,127.36673,36.3674838,4.426783,6.0
1557364844999,54.3764508477,127.3667583,36.3675229,4.365744,6.0
1557364846999,54.6043408938,127.3667815,36.3675879,4.265256,6.0
1557364848999,53.8962810601,127.3668434,36.3676346,4.157702,6.0
1557364850999,54.1161831043,127.3668929,36.3676701,4.0149403,6.0
1557364853999,54.3012816305,127.366934,36.3677033,3.57017,4.882
1557364868999,51.9303301555,127.3669271,36.3677504,0.39894244,3.776
1557364876999,52.0160521644,127.366961,36.3677905,0.045173515,5.01
1557364889056,75.1999969482,127.3669634,36.3678425,0.0,5.589
1557364897878,71.1999969482,127.3670038,36.367937,0.0,14.901
1557364954292,0.0,127.367013,36.3679718,0.0,23.881
1557365016240,89.5,127.3670436,36.3680217,0.0,15.054
1557365057545,89.5,127.3670504,36.3680298,0.0,14.148
1557366135900,89.5,127.3668827,36.3679505,0.0,15.997
1557366151905,89.5,127.3669432,36.3679487,0.0,22.508
1557366173177,89.5,127.3668819,36.3679177,0.0,15.808
1557366219342,89.5,127.3668929,36.3679351,0.0,13.716
1557367427290,89.3000030518,127.3669465,36.367893,0.0,23.513
1557368451132,89.3000030518,127.3668764,36.3679246,0.0,17.406
1557368604946,89.5,127.3669024,36.367879,0.0,22.161
1557369941401,89.5,127.3670274,36.3680122,0.0,14.999
1557369955116,89.5,127.3670531,36.3680289,0.0,14.779
1557370218502,89.5,127.3670617,36.3680364,0.0,14.159
1557370265572,76.0999984741,127.3674763,36.3683241,0.0,17.292
1557370275603,80.4000015259,127.3674251,36.3682736,0.0,14.963
1557370319003,80.4000015259,127.3673724,36.3682325,0.0,16.809
1557370324097,79.4000015259,127.3674296,36.3683129,0.0,20.336
1557370329558,76.0999984741,127.3674199,36.3683618,0.0,26.386
1557370345883,75.5999984741,127.3675172,36.3684434,0.0,25.89
1557370366497,0.0,127.3673392,36.3685918,0.0,41.597
1557370372529,0.0,127.3671829,36.3685439,0.0,43.146
1557370383002,0.0,127.3670949,36.3685949,0.0,44.216
1557370388120,0.0,127.3667751,36.3685729,0.0,42.37
1557370393182,0.0,127.3664232,36.3686563,0.0,34.984
1557370398221,0.0,127.3662292,36.3685544,0.0,27.786
1557370403317,75.3000030518,127.3659888,36.3685023,0.0,18.168
1557370413562,0.0,127.3660963,36.3685487,0.0,26.179
1557370482539,69.3000030518,127.3670499,36.367717,0.0,35.266
1557370492590,0.0,127.3671742,36.3677767,0.0,112.48
1557370516596,0.0,127.3621882,36.3649522,0.0,2000.0
1557370523042,0.0,127.3636373,36.3680903,0.0,112.076
1557370528087,0.0,127.363742,36.3664092,0.0,79.427
1557370533117,0.0,127.36376,36.3661214,0.0,92.666
1557370538150,0.0,127.3619668,36.3664355,0.0,38.35
1557370543190,0.0,127.3617035,36.3663687,0.0,114.909
1557370548233,84.1999969482,127.3626656,36.3655076,0.0,25.638
1557370553284,77.5999984741,127.3616743,36.3652081,0.0,31.857
1557370558341,0.0,127.3612929,36.3652395,0.0,32.738
1557370563421,0.0,127.3611748,36.3652209,0.0,33.536
1557370568477,74.0,127.3605301,36.3649549,0.0,49.057
1557370573531,0.0,127.3607953,36.3650751,0.0,110.894
1557370578585,0.0,127.3601129,36.3649048,0.0,96.14
1557370583639,0.0,127.3583148,36.36429,0.0,87.361
1557370588694,0.0,127.3588422,36.3636773,0.0,33.526
1557370593738,0.0,127.3589451,36.3639077,0.0,42.388
1557370598765,0.0,127.3585272,36.3643049,0.0,69.778
1557370603823,81.9000015259,127.3586907,36.3642226,0.0,70.418
1557370608863,72.5999984741,127.3586551,36.3643277,0.0,42.38
1557370613959,0.0,127.3582508,36.3648084,0.0,36.452
1557370618989,0.0,127.3584415,36.3653231,0.0,75.226
1557370624040,0.0,127.3605444,36.3659961,0.0,92.219
1557370629067,0.0,127.3587856,36.3651954,0.0,70.432
1557370634111,0.0,127.3591972,36.365307,0.0,100.921
1557370639155,76.5999984741,127.3592716,36.3655885,0.0,36.225
1557370644169,0.0,127.3593483,36.3654173,0.0,92.607
1557370649231,0.0,127.3591385,36.3653014,0.0,101.305
1557370659451,0.0,127.3576814,36.3659436,0.0,107.994
1557370664860,0.0,127.3573742,36.3660863,0.0,113.924
1557370669989,0.0,127.3573069,36.3661175,0.0,127.155
1557370675120,0.0,127.3570708,36.3664443,0.0,114.191
1557370680262,0.0,127.3572033,36.3662428,0.0,130.173
1557370685366,0.0,127.3570485,36.3664704,0.0,118.939
1557370690500,0.0,127.3572166,36.3662206,0.0,113.438
1557370695185,0.0,127.3566881,36.3645941,0.0,101.325
1557370700237,0.0,127.3571902,36.3647217,0.0,75.577
1557370705269,0.0,127.3581007,36.3654281,0.0,74.268
1557370710321,0.0,127.3578955,36.3655185,0.0,98.862
1557370715367,0.0,127.3581064,36.3656669,0.0,101.107
1557370720374,0.0,127.3577696,36.3651973,0.0,31.801
1557370725474,0.0,127.3588786,36.3654212,0.0,47.631
1557370730591,71.0,127.3579032,36.3646925,0.0,84.907
1557370735737,76.5999984741,127.3577885,36.3651146,0.0,30.371
1557370741384,0.0,127.3578917,36.3650456,0.0,35.728
1557370746413,116.300003052,127.3582675,36.3651392,0.0,66.776
1557370751430,76.5999984741,127.3581282,36.3650114,0.0,40.455
1557370756495,0.0,127.3579231,36.3647844,0.0,24.775
1557370761546,0.0,127.3580319,36.3648598,0.0,26.48
1557370766622,0.0,127.3580441,36.3647353,0.0,16.571
1557370771734,0.0,127.3581186,36.3647857,0.0,21.452
1557370783171,0.0,127.3581366,36.3648644,0.0,28.327
1557370788250,0.0,127.3581333,36.3649537,0.0,25.764
1557370793309,0.0,127.3581503,36.3647957,0.0,15.909
1557370798490,81.9000015259,127.3582389,36.3647057,0.0,20.785
1557370804515,0.0,127.3583033,36.3646318,0.0,22.356
1557370820218,72.6999969482,127.3585184,36.3643961,0.0,27.056
1557370825361,74.9000015259,127.3586182,36.3643396,0.0,23.751
1557370835604,72.5999984741,127.358642,36.3642489,0.0,29.211
1557370840694,72.0999984741,127.3586879,36.3642024,0.0,25.973
1557370846738,72.5999984741,127.3587327,36.364054,0.0,16.704
1557370852179,72.0999984741,127.358667,36.3640481,0.0,20.738
1557370857286,72.1999969482,127.3585597,36.3640341,0.0,19.75
1557370862305,71.9000015259,127.3585223,36.363928,0.0,16.082
1557370867372,71.9000015259,127.3584768,36.363956,0.0,15.114
1557370873391,72.5,127.3584901,36.3639058,0.0,14.502
1557370883877,74.0,127.3584703,36.3638392,0.0,14.146
1557370894093,72.5,127.3583658,36.363793,0.0,14.137
1557370900134,74.0999984741,127.3583026,36.3637522,0.0,14.942
1557370905461,74.0999984741,127.3582299,36.3637152,0.0,14.759
1557370910555,74.1999969482,127.3581456,36.3636696,0.0,14.055
1557370920688,74.1999969482,127.3580487,36.3636249,0.0,13.992
1557370926738,74.0999984741,127.3579953,36.3635852,0.0,14.545
1557370932093,74.0999984741,127.3579523,36.3635526,0.0,14.543
1557370942140,74.0999984741,127.3578483,36.3635179,0.0,14.873
1557370953228,74.0999984741,127.3579072,36.3635244,0.0,15.597
1557370963620,74.1999969482,127.3577879,36.3634967,0.0,18.754
1557370973864,74.1999969482,127.3575592,36.3634297,0.0,16.052
1557370979001,74.1999969482,127.3574915,36.3634103,0.0,18.565
1557370984010,74.1999969482,127.357322,36.3633423,0.0,14.723
1557370989150,74.3000030518,127.357257,36.3633672,0.0,15.385
1557370994273,74.6999969482,127.3571902,36.3634037,0.0,14.248
1557371004517,74.3000030518,127.3571882,36.3634553,0.0,15.551
1557371049393,74.3000030518,127.3572127,36.3633333,0.0,16.502
1557371054488,74.3000030518,127.3573211,36.3633584,0.0,20.059
1557371064751,74.0,127.3574343,36.3633967,0.0,23.042
1557371069882,74.1999969482,127.3574997,36.3633901,0.0,24.339
1557371082672,74.0999984741,127.3577656,36.3635408,0.0,17.57
1557371087720,74.0999984741,127.3578215,36.3635049,0.0,15.332
1557371097768,74.4000015259,127.3577395,36.3635121,0.0,14.986
1557371115091,74.4000015259,127.3578127,36.3635327,0.0,14.797
1557371169154,0.0,127.3578307,36.3635448,0.0,28.979
1557371437601,74.4000015259,127.3578648,36.3635954,0.0,34.643
1557372061382,74.4000015259,127.3577268,36.3634782,0.0,68.4
1557372398685,74.4000015259,127.3578776,36.3635704,0.0,28.838
1557373441223,74.4000015259,127.3577433,36.3634766,0.0,14.714
1557373542064,74.1999969482,127.3578528,36.3635012,0.0,14.984
1557373565194,74.0999984741,127.3579737,36.3635865,0.0,15.665
1557373575257,74.0999984741,127.3580446,36.3636067,0.0,14.592
1557373580371,75.5999984741,127.3580841,36.3636507,0.0,14.075
1557373598420,71.8000030518,127.3582498,36.3637984,0.0,30.041
1557373603453,71.8000030518,127.3583105,36.3637846,0.0,18.56
1557373613597,71.8000030518,127.3583982,36.3638,0.0,17.024
1557373618696,71.8000030518,127.3584524,36.3638313,0.0,15.025
1557373624758,71.9000015259,127.3585397,36.3639062,0.0,14.894
1557373630165,71.8000030518,127.3584878,36.3639701,0.0,20.136
1557373640412,72.0999984741,127.3585784,36.3639874,0.0,25.757
1557373645534,72.5999984741,127.3586671,36.3640199,0.0,24.464
1557373656990,72.5999984741,127.3587393,36.3640491,0.0,25.214
1557373692800,72.5999984741,127.3587587,36.364021,0.0,13.263
1557373802032,72.5999984741,127.358419,36.3644778,0.0,31.749
1557373812179,0.0,127.3585555,36.364467,0.0,22.709
1557373817288,74.9000015259,127.3585176,36.3645113,0.0,21.472
1557373822444,0.0,127.3584726,36.36454,0.0,24.667
1557373828456,74.9000015259,127.3585401,36.3645081,0.0,21.038
1557373840627,74.9000015259,127.3586198,36.3643444,0.0,17.416
1557373845741,85.0,127.3585551,36.3643904,0.0,22.736
1557373850853,0.0,127.3583982,36.3645286,0.0,23.283
1557373855972,0.0,127.3583546,36.3646191,0.0,17.358
1557373861426,0.0,127.3583167,36.3646645,0.0,21.016
1557373866416,0.0,127.3582262,36.3648001,0.0,21.486
1557373871447,0.0,127.3581061,36.3649154,0.0,20.984
1557373876514,0.0,127.3580582,36.3649466,0.0,19.75
1557373886565,0.0,127.3581049,36.3650063,0.0,22.268
1557373891622,89.8000030518,127.3581595,36.3650403,0.0,27.521
1557373897640,94.4000015259,127.3582433,36.365078,0.0,31.839
1557373903058,0.0,127.3584294,36.3651562,0.0,33.593
1557373908133,0.0,127.3592982,36.3655744,0.0,16.588
1557373923464,0.0,127.3592227,36.365537,0.0,29.021
1557373942359,0.0,127.359424,36.3656067,0.0,17.267
1557373968534,76.5999984741,127.3593644,36.3655622,0.0,17.099
1557373973922,76.5999984741,127.3594376,36.3655681,0.0,20.277
1557373979000,76.5999984741,127.3596054,36.3655537,0.0,24.234
1557373984055,76.5999984741,127.3594057,36.365545,0.0,24.077
1557373989177,77.1999969482,127.3589294,36.3655275,0.0,24.518
1557374004298,78.1999969482,127.35918,36.36557,0.0,32.886
1557374009327,0.0,127.359122,36.3655649,0.0,24.82
1557374015351,0.0,127.3590619,36.3655251,0.0,29.346
1557374045213,0.0,127.3590619,36.3655251,0.0,29.346
1557374231454,76.5999984741,127.3591008,36.3655262,0.0,87.847
1557374236507,81.8000030518,127.3593535,36.3655387,0.0,44.932
1557374241603,82.9000015259,127.359032,36.3655022,0.0,58.289
1557374246692,76.5999984741,127.3588802,36.3655669,0.0,57.738
1557374251832,0.0,127.3582128,36.3654833,0.0,48.417
1557374256971,0.0,127.3582302,36.3654244,0.0,65.598
1557374262117,0.0,127.3582894,36.3655922,0.0,70.998
1557374267206,0.0,127.3580455,36.365107,0.0,43.501
1557374272337,0.0,127.3581087,36.3651561,0.0,64.093
1557374277484,0.0,127.3579993,36.3653468,0.0,60.883
1557374281236,0.0,127.3579348,36.3654591,0.0,63.06
1557374287579,0.0,127.3582783,36.3655059,0.0,58.141
1557374298583,0.0,127.3585731,36.3655461,0.0,74.895
1557374304678,0.0,127.3588876,36.365589,0.0,72.298
1557374355983,0.0,127.3593414,36.3632192,0.0,128.9
1557374361066,0.0,127.3592696,36.3633152,0.0,107.209
1557374366221,0.0,127.3605227,36.3645674,0.0,102.604
1557374371252,0.0,127.3607989,36.3652754,0.0,115.354
1557374376356,0.0,127.3609847,36.365145,0.0,112.691
1557374381478,0.0,127.3610868,36.3651232,0.0,94.254
1557374386630,89.5,127.3613752,36.3651073,0.0,20.306
1557374391714,0.0,127.3613382,36.3652859,0.0,107.471
1557374396866,0.0,127.3614886,36.3651916,0.0,56.218
1557374410939,0.0,127.36319,36.3648789,0.0,1899.999
1557374417374,0.0,127.3617087,36.3661922,0.0,134.131
1557374422498,0.0,127.3617278,36.366283,0.0,134.297
1557374451653,0.0,127.3621882,36.3649522,0.0,2000.0
1557374456697,0.0,127.3648597,36.3671899,0.0,600.0
1557374461842,0.0,127.3621882,36.3649522,0.0,2000.0
1557374478328,0.0,127.3672136,36.3677956,0.0,142.5
1557374483355,0.0,127.367524,36.3679683,0.0,33.826
1557374488442,0.0,127.3678189,36.3678255,0.0,87.974
1557374493471,0.0,127.3671517,36.367919,0.0,47.806
1557374498599,0.0,127.3671109,36.3678819,0.0,34.367
1557374503626,75.6999969482,127.3668404,36.3679701,0.0,35.84
1557374513822,75.5999984741,127.3670092,36.3679414,0.0,18.243
1557374544222,71.3000030518,127.3669722,36.3679865,0.0,16.888
1557374605671,71.1999969482,127.367008,36.3679881,0.0,15.121
1557374684030,89.5,127.3670457,36.368029,0.0,14.681
1557374694235,89.5,127.3670441,36.3680274,0.0,13.918
1557374835899,89.5,127.3670385,36.3680213,0.0,14.83
1557374856742,89.5,127.3669228,36.3679297,0.0,15.834
1557374939074,89.5,127.3669001,36.3679102,0.0,14.406
1557374996318,89.3000030518,127.3669168,36.3678983,0.0,15.268
1557375046615,89.5,127.3669133,36.3679134,0.0,14.811
1557375533301,89.5,127.3669059,36.3679029,0.0,15.725
1557375634543,89.5,127.3668366,36.3679305,0.0,19.171
1557376442979,89.5,127.3668727,36.3679227,0.0,15.266
1557376521127,89.5,127.3670262,36.3680011,0.0,15.856
1557376552952,89.5,127.3670647,36.3680357,0.0,13.886
1557376620473,89.5,127.3670684,36.3680498,0.0,14.291
1557378677002,89.3000030518,127.3669698,36.3680556,0.0,16.27
1557379393850,89.3000030518,127.3670594,36.3680287,0.0,14.758
1557379792319,0.0,127.368533,36.3649747,0.0,2200.0
1557381661130,89.5,127.3670514,36.3680324,0.0,14.768
1557383393103,0.0,127.368533,36.3649747,0.0,2200.0
1557383701052,89.5999984741,127.367049,36.3680319,0.0,14.509
1557384568367,89.5,127.3669914,36.3680162,0.0,16.198
1557384621419,89.5,127.3670783,36.3680459,0.0,42.966
1557384642123,75.6999969482,127.3669757,36.3679032,0.0,32.88
1557384648441,75.5,127.3669416,36.3679764,0.0,25.348
1557384652782,71.3000030518,127.3668201,36.3678392,0.7298993,15.15
1557384655789,71.3000030518,127.366794,36.3677947,1.6060078,13.384
1557384676999,67.9068565539,127.3667649,36.367834,0.0,16.425
1557384678535,67.1499954857,127.3666954,36.3678364,0.0,17.832
1557384679999,65.2608520918,127.3666332,36.3678333,0.0,17.115
1557384681999,64.5885253147,127.3665657,36.367816,1.2424158,13.469
1557384684999,63.9999051041,127.3665177,36.367782,1.15581,9.731
1557384692999,65.720976832,127.3664526,36.3677782,1.295385,7.748
1557384696999,66.5593208595,127.3663818,36.3677785,1.5840544,7.704
1557384699999,67.21125267,127.3663219,36.3677789,1.2272317,7.843
1557384703999,66.3281579141,127.3662365,36.367783,1.526886,6.753
1557384707999,66.2390814783,127.3661755,36.3677929,1.4736828,5.615
1557384711999,66.7574786124,127.3661105,36.3677985,1.3615756,5.46
1557384715999,67.2150794719,127.3660471,36.367801,1.2803617,5.37
1557384719999,67.9704155741,127.3659771,36.3677962,1.2468264,5.36
1557384723999,67.9883184747,127.3659127,36.3677949,1.2409807,5.454
1557384727999,67.143635511,127.3658474,36.3677958,1.2544689,5.484
1557384731999,66.6396359226,127.3657888,36.3677995,1.2724959,5.401
1557384736999,67.0778430458,127.3657405,36.3678237,1.1356997,5.511
1557384745999,66.7852164533,127.3657096,36.3678627,0.059527066,5.356
1557384762231,75.0999984741,127.3656546,36.3679124,0.0,8.552
1557384767279,75.1999969482,127.3655968,36.3679485,0.0,9.481
1557384782453,71.5,127.3654628,36.3680188,0.0,17.326
1557384787394,71.5,127.3653994,36.3680305,0.0,20.109
1557384793150,71.4000015259,127.3651703,36.36803,0.0,15.467
1557384802415,71.5,127.3650135,36.3681095,0.0,14.33
1557384813289,71.0,127.3648974,36.3680539,0.0,13.362
1557384859242,71.0,127.3648634,36.3681168,0.0,13.704
1557384870171,71.0999984741,127.3648694,36.3681212,0.0,13.44
1557384948562,71.0,127.3648827,36.368021,0.0,12.601
1557389522812,71.5,127.3648501,36.368252,0.0,15.059
1557389553341,71.5,127.3648583,36.3682078,0.0,11.895
1557389560929,71.0,127.3648791,36.3680831,0.0,15.173
1557389576775,75.1999969482,127.3654094,36.3680483,0.0,15.802
1557389590954,75.3000030518,127.3655129,36.3680247,0.0,12.491
1557389598968,75.0,127.3655853,36.3680096,0.0,12.085
1557389605998,71.5,127.3656647,36.3679862,0.0,14.516
1557389621856,79.1999969482,127.3655748,36.3678735,0.0,17.917
1557389632571,78.5595339212,127.365438,36.3679355,0.97829074,8.627
1557389634624,76.3255667475,127.365384,36.367963,1.0666841,9.263
1557389636585,70.339661031,127.3653353,36.3679868,0.0,10.176
1557389640000,68.4531317909,127.3652845,36.368023,0.0,7.789
1557389641877,72.1015278837,127.3652237,36.3680401,0.0,6.687
1557389646000,79.6328927613,127.3651665,36.3680216,1.0741012,6.07
1557389649000,79.6095162102,127.3651129,36.3679783,1.4510481,4.86
1557389654000,77.1846476693,127.3650806,36.3679411,1.1698425,4.244
1557389660000,76.9554579888,127.3650261,36.3679113,1.2239865,4.054
1557389664000,76.2049203678,127.3649758,36.3678885,0.9621957,5.021
1557389667000,74.1043202217,127.3649126,36.3678702,0.42497474,4.368
1557389670000,73.4337781961,127.3648526,36.367874,0.7843854,3.384
1557389675000,73.0371853014,127.3648079,36.3679023,0.9198682,4.029
1557389680000,72.6062990262,127.3647667,36.3679444,0.93123955,4.185
1557389685000,72.173797035,127.364724,36.3679892,0.9122195,4.35
1557389689000,71.3404693502,127.3646762,36.368045,0.9501985,3.709
1557389693000,69.9873486396,127.3646382,36.3680866,1.0399456,3.0
1557389697000,68.5552525782,127.3646057,36.3681259,1.083691,3.0
1557389701000,66.894721098,127.3645597,36.3681621,1.072387,3.0
1557389706000,66.2323630582,127.3645188,36.3682004,1.0923282,3.199
1557389711000,65.2432967784,127.3644956,36.3682486,1.1719037,3.0
1557389716000,63.7353970175,127.3644627,36.3682876,1.1093514,3.833
1557389720000,63.6714204714,127.3644239,36.3683298,1.1256762,4.143
1557389724000,63.9500995681,127.3643944,36.368372,1.1876637,4.034
1557389728000,63.7150742072,127.364366,36.3684206,1.1654631,4.433
1557389733000,63.0647398767,127.3643327,36.368466,1.145159,4.063
1557389752000,66.7508887876,127.3643332,36.3685114,0.029766133,3.705
1557389775000,66.2951761371,127.3643122,36.3684683,0.50426024,4.21
1557389842305,73.8000030518,127.3641141,36.3686268,0.0,50.195
1557389855904,71.5,127.3645863,36.3685777,0.0,15.895
1557389860936,71.5,127.3646343,36.3686245,0.0,13.188
1557389868664,71.5,127.3646603,36.3686724,0.0,11.679
1557389876077,71.5999984741,127.3647071,36.3687291,0.0,11.796
1557389881337,71.5,127.3647716,36.3687652,0.0,12.89
1557389901757,71.5999984741,127.3647901,36.3687878,0.0,26.1
1557389968988,71.5,127.3648051,36.3688342,0.0,17.082
1557389984301,71.5,127.3647112,36.3687215,0.0,13.937
1557389994131,71.5,127.3646194,36.3686664,0.0,14.606
1557389999186,71.5,127.3645795,36.3686283,0.0,16.433
1557390006259,71.5,127.3645282,36.3685956,0.40909505,17.838
1557390007249,71.5,127.3644437,36.3684867,0.64186054,18.307
1557390008268,87.607294345,127.3642229,36.3685174,0.26141354,8.781
1557390013999,81.0384558139,127.3642465,36.3684646,0.0,6.661
1557390029999,73.217839235,127.3642718,36.3683924,4.170538,8.0
1557390030999,72.6237727538,127.3643017,36.3683502,4.905831,8.0
1557390031999,72.5527342876,127.3643376,36.3683063,5.7662816,8.0
1557390032999,71.8966151682,127.3643754,36.3682596,6.358546,8.0
1557390033999,71.3358019175,127.3644156,36.3682056,6.909869,8.0
1557390034999,70.9901604635,127.3644567,36.3681493,7.3053923,8.0
1557390035999,70.7553494114,127.3645021,36.368092,7.7187257,8.0
1557390036999,70.533750651,127.3645499,36.368031,8.096132,8.0
1557390037999,70.5332022927,127.3646034,36.3679695,8.550274,6.0
1557390038999,70.5036936232,127.3646599,36.3679037,8.931147,6.0
1557390039999,70.2185453794,127.3647174,36.3678368,9.381001,6.0
1557390040999,69.9018190596,127.3647765,36.3677643,9.622849,6.0
1557390041999,69.6844150019,127.3648369,36.3676905,9.897551,6.0
1557390042999,69.7547221706,127.3648985,36.3676141,10.2135,6.0
1557390043999,69.3250478372,127.3649616,36.3675352,10.371523,8.0
1557390044999,68.6201933605,127.3650313,36.3674557,10.623526,8.0
1557390045999,67.6342662201,127.3651025,36.367377,10.8468895,8.0
1557390046999,67.2141586101,127.3651668,36.3672953,10.640665,8.0
1557390047999,66.6166140003,127.3652256,36.3672212,9.800465,8.0
1557390048999,66.4174035349,127.3652805,36.3671487,9.004593,6.0
1557390049999,66.0433823603,127.3653329,36.3670915,7.9485445,6.0
1557390050999,65.5434061996,127.3653777,36.3670418,6.7212343,8.0
1557390051999,65.0241183254,127.3654136,36.3669987,5.6518674,8.0
1557390052999,64.6205825139,127.3654484,36.3669627,4.983924,8.0
1557390054999,63.6919012398,127.3654831,36.3668781,5.1986384,8.0
1557390055999,63.8582242182,127.3654488,36.3668355,5.6815915,6.0
1557390056999,63.0358116338,127.3654126,36.3667915,6.427437,6.0
1557390057999,63.1136871902,127.3653513,36.3667595,6.6622963,6.0
1557390058999,63.1191141404,127.3652845,36.3667238,7.2160783,6.0
1557390059999,63.3946269227,127.3652156,36.3666876,7.699778,6.0
1557390060999,63.5835177675,127.3651444,36.3666515,8.009238,6.0
1557390061999,63.619939844,127.3650789,36.3666171,7.1882954,6.0
1557390062999,63.6408046646,127.3650111,36.3665834,7.058986,6.0
1557390063999,63.6100873248,127.3649385,36.3665471,7.610099,6.0
1557390064999,63.6867709282,127.3648601,36.3665103,8.141597,6.0
1557390065999,64.0284438812,127.3647742,36.3664757,8.571701,6.0
1557390066999,64.2994114123,127.3646807,36.3664456,8.966317,6.0
1557390067999,64.4951241666,127.3645813,36.3664235,9.158492,4.0
1557390068999,64.7021751965,127.3644907,36.3664093,8.397666,4.0
1557390069999,64.7432302536,127.3644002,36.3663965,8.114338,6.0
1557390070999,64.4586888912,127.3643332,36.3663896,6.0220237,6.0
1557390071999,64.9045730778,127.3642709,36.3663867,5.7471232,6.0
1557390072999,65.0630390503,127.3642085,36.366388,5.5812225,6.0
1557390073999,65.0313316758,127.3641432,36.3663853,5.7513585,6.0
1557390074999,65.1366356625,127.3640776,36.3663803,5.9226427,6.0
1557390075999,65.0186058744,127.3640104,36.3663711,6.091969,6.0
1557390076999,65.3127580549,127.3639424,36.3663588,6.277624,6.0
1557390077999,65.3688942867,127.3638758,36.3663419,6.2535257,6.0
1557390078999,65.3073551344,127.3638157,36.366323,5.7740545,6.0
1557390079999,65.2927890422,127.36376,36.3663013,5.5270705,6.0
1557390080999,65.2527147105,127.3637061,36.3662803,5.354793,6.0
1557390082999,65.6106161729,127.36361,36.3662438,4.304695,6.0
1557390096999,65.813061101,127.3635465,36.366227,3.3110561,3.571
1557390097999,65.8974636842,127.3634796,36.3662025,4.5678687,6.0
1557390098999,65.9801789993,127.3634248,36.3661779,5.6083364,6.0
1557390099999,66.0680635224,127.363367,36.3661445,6.3948154,6.0
1557390100999,66.2297605488,127.3633051,36.3661044,7.118888,6.0
1557390101999,66.3386514087,127.3632381,36.3660601,7.6816654,6.0
1557390102999,66.1211619094,127.363169,36.3660163,8.081221,6.0
1557390103999,66.1952755619,127.3630978,36.3659719,8.131754,6.0
1557390104999,65.7291128511,127.3630289,36.3659249,8.0676565,6.0
1557390105999,66.4159888289,127.3629868,36.3658537,8.78698,6.0
1557390106999,66.4311294757,127.3629352,36.3657817,9.286968,6.0
1557390107999,66.2877917814,127.3628793,36.3657098,9.451114,6.0
1557390108999,66.6678193293,127.3628248,36.3656441,8.740035,6.0
1557390109999,66.6281228673,127.3627671,36.365588,8.092481,8.0
1557390110999,66.3186513963,127.3627104,36.3655353,7.755542,4.0
1557390111999,66.1523594834,127.3626481,36.3654834,8.012835,8.0
1557390112999,65.970973645,127.3625755,36.3654359,8.460098,4.0
1557390113999,65.9564464856,127.3624916,36.3653941,8.829056,4.0
1557390114999,65.8535950897,127.362401,36.3653539,9.229211,6.0
1557390115999,65.913494013,127.3623146,36.3653136,9.022425,6.0
1557390116999,66.1706089847,127.362239,36.3652759,7.934962,6.0
1557390117999,66.2251680543,127.3621662,36.3652405,7.2806726,6.0
1557390118999,66.5420258543,127.3620976,36.3652028,7.5442605,6.0
1557390119999,66.631331913,127.3620247,36.365164,7.8993683,6.0
1557390120999,66.5980388629,127.3619488,36.3651212,8.264542,6.0
1557390121999,66.6438828725,127.3618683,36.3650785,8.636082,6.0
1557390122999,66.5799909019,127.3617857,36.3650342,8.906217,6.0
1557390123999,66.5545750803,127.3616983,36.3649899,9.24725,6.0
1557390124999,66.6797402695,127.3616087,36.3649444,9.51374,6.0
1557390125999,66.4986330377,127.3615161,36.3648977,9.783023,6.0
1557390126999,66.5472722439,127.3614217,36.3648508,9.950224,4.0
1557390127999,66.3672118584,127.3613305,36.364805,9.575756,4.0
1557390128999,66.431991271,127.3612507,36.3647656,8.442875,4.0
1557390129999,66.2199574154,127.3611724,36.364727,7.983056,4.0
1557390130999,66.0800958163,127.3611057,36.3646878,7.452558,6.0
1557390131999,66.1791010018,127.361038,36.3646467,7.627973,6.0
1557390132999,66.157409437,127.3609671,36.3646062,7.7905545,6.0
1557390133999,66.033628097,127.3608937,36.3645658,7.949414,6.0
1557390134999,66.1793811214,127.3608197,36.364527,7.836447,6.0
1557390135999,66.0638708552,127.3607468,36.3644886,7.8397927,6.0
1557390136999,66.1384488904,127.360673,36.3644493,7.966492,6.0
1557390137999,66.1123702335,127.3606004,36.3644042,8.387255,6.0
1557390138999,66.367477582,127.3605441,36.3643323,9.293159,6.0
1557390139999,66.657218999,127.3604741,36.3642677,9.683277,6.0
1557390140999,66.6680267209,127.3604079,36.3641978,9.753291,6.0
1557390141999,66.855427383,127.3603393,36.3641283,9.934306,6.0
1557390142999,67.9374742508,127.3602733,36.3640602,9.350996,6.0
1557390143999,67.1640124905,127.3602023,36.3639975,9.416495,6.0
1557390144999,66.3301812529,127.3601247,36.3639397,9.308538,6.0
1557390145999,66.4897140664,127.3600412,36.3638876,9.3686495,8.0
1557390146999,66.415579511,127.3599545,36.3638383,9.285533,8.0
1557390147999,66.6201563128,127.3598671,36.3637924,9.140708,8.0
1557390148999,66.6098920472,127.3597835,36.3637511,8.442253,8.0
1557390149999,66.3889412407,127.3597035,36.3637111,8.452096,8.0
1557390150999,66.1726877589,127.3596245,36.3636724,7.9637976,8.0
1557390151999,66.9235957871,127.359555,36.363634,7.3153434,8.0
1557390152999,66.6180182885,127.3594989,36.3635985,5.2431607,8.0
1557390154999,66.5710166129,127.3594525,36.3635562,2.364252,6.765
1557390158999,64.6831770269,127.3594407,36.3635025,2.613277,7.072
1557390160999,64.4008009696,127.3594476,36.3634362,2.845299,6.013
1557390161999,65.111624131,127.3594345,36.3633674,4.1407943,8.0
1557390163999,65.1905636179,127.3593775,36.3633077,4.5394387,8.0
1557390165999,65.2668520852,127.3593409,36.3632657,3.420726,6.916
1557390168999,64.6573227216,127.3593086,36.3632285,1.458482,5.751
1557390172999,64.460035307,127.3592498,36.3632469,2.8343933,5.812
1557390175999,64.4516957606,127.3592117,36.3632998,2.6969602,5.862
1557390178999,65.684186651,127.3591766,36.3633468,1.9193476,5.639
1557390182999,65.6850312136,127.3591013,36.3633556,2.9565418,7.706
1557390184999,65.1599970531,127.3590314,36.3633357,3.2105863,8.228
1557390186999,65.7520377776,127.3589578,36.3633129,3.1785789,8.411
1557390187999,65.7933519992,127.3588978,36.363294,3.1494493,7.022
1557390189999,66.0075850909,127.3588256,36.3632815,2.9136798,6.148
1557390191999,65.8492064048,127.3587521,36.3632924,2.7523253,5.779
1557390193999,66.1733281594,127.3586961,36.3633297,2.670587,5.888
1557390196999,66.6466417822,127.3586433,36.3633714,2.4971368,5.742
1557390198999,67.0995126953,127.3585871,36.36338,2.5448115,5.81
1557390200999,67.1464636774,127.3585129,36.3633672,2.7248907,5.851
1557390202999,67.0005542523,127.3584213,36.363338,2.973052,6.013
1557390204999,66.9552280639,127.3583266,36.3633037,3.1716182,5.784
1557390206999,66.9971040925,127.3582281,36.3632624,3.3449445,5.604
1557390207999,67.0970141532,127.3581648,36.3632339,3.4242537,5.948
1557390208999,67.3061776757,127.3581027,36.363201,3.5087543,6.153
1557390209999,67.2942213836,127.3580384,36.3631658,3.5774148,6.248
1557390210999,67.3624946927,127.3579854,36.3631337,3.6083858,5.944
1557390211999,67.204655364,127.3579359,36.3631007,3.6096294,5.975
1557390212999,67.1777475505,127.3578877,36.3630666,3.5611694,6.15
1557390213999,66.9745319685,127.3578445,36.3630346,3.4847507,6.24
1557390215999,66.7791839643,127.3577778,36.3629821,3.2924669,6.191
1557390217999,66.3758530801,127.3577296,36.3629451,3.0701127,6.128
1557390220999,66.0437525156,127.3576747,36.3629057,1.6692768,5.682
1557390224999,65.054595067,127.3576338,36.3628715,0.008204114,4.431
1557390233999,65.4498059054,127.3576023,36.3628315,0.113266,4.416
1557390252999,66.4572500542,127.3575916,36.3627866,0.19785216,4.929
1557390312999,67.2447842579,127.3576071,36.3628302,0.05521957,4.969
1557390459999,68.5119040678,127.3575571,36.3628069,0.0016816793,4.915
1557390482999,67.1269829869,127.3575767,36.3628505,0.17985009,6.613
1557390500999,66.9363184203,127.3575712,36.3628978,0.081277624,7.468
1557390513999,66.7783453267,127.3575249,36.3629246,0.04317203,7.389
1557390831712,74.0999984741,127.3575586,36.3628314,0.0,14.857
1557391138185,74.0999984741,127.3575586,36.3628314,0.0,14.857
1557391793905,77.5,127.3574626,36.3627884,0.0,20.044
1557391822000,78.5057428236,127.3576227,36.3628678,0.0,5.417
1557391825000,80.2882350222,127.3576576,36.3629057,1.3792844,5.342
1557391827000,79.2551089044,127.3577119,36.3629456,3.1667366,6.715
1557391828000,78.3344585021,127.3577579,36.3629785,3.5169137,7.254
1557391829000,77.0945826919,127.3579438,36.3631044,4.1577983,12.0
1557391830000,75.7066730658,127.3579963,36.3631266,4.235574,8.0
1557391832000,75.1175004545,127.3580806,36.3631855,4.591754,8.0
1557391833000,75.3817879911,127.3581295,36.3632177,4.5972004,8.0
1557391834000,75.694520998,127.358176,36.3632432,4.586364,8.0
1557391836000,76.4190893898,127.3582682,36.3632947,4.4599967,8.0
1557391838000,76.414267442,127.3583394,36.3633318,4.3006577,6.0
1557391840000,77.7871616142,127.3583959,36.3633781,4.164292,6.0
1557391842000,78.0864812034,127.3584563,36.3634122,3.9795363,5.406
1557391845000,76.5898985069,127.3585113,36.3634469,3.4959848,4.467
1557391848000,79.0678252963,127.3585836,36.3634707,2.9516692,4.498
1557391851000,82.1150773817,127.3586307,36.3634455,2.6109471,4.379
1557391853000,81.5413546765,127.358669,36.3633956,2.6847456,4.318
1557391855000,81.5921289877,127.3587168,36.3633325,2.7694595,4.383
1557391857000,79.8727555744,127.3587646,36.3632748,2.7045026,4.361
1557391859000,77.8324768002,127.3588159,36.3632369,2.5647209,4.429
1557391862000,76.0647881352,127.3589075,36.3632413,2.6165497,4.301
1557391864000,76.8202984549,127.3589941,36.3632828,2.8143713,4.495
1557391866000,75.4379315124,127.3590669,36.3633252,2.7683322,4.65
1557391868000,73.8568471704,127.3591176,36.3633503,2.5757146,4.431
1557391871000,72.9061862568,127.3591839,36.3633517,2.2461872,4.366
1557391874000,72.8855865829,127.3592239,36.3633193,2.0110571,4.289
1557391877000,72.2944102094,127.3592603,36.3632771,1.7933235,4.349
1557391882000,69.9502240847,127.359309,36.363252,0.45250782,4.631
1557391887000,69.2568828099,127.3593593,36.363272,1.3864734,5.368
1557391890000,68.6985345511,127.3594118,36.3633015,1.4631073,5.339
1557391893000,69.5195076691,127.3594722,36.363336,1.2578928,5.361
1557391908000,68.7853215543,127.3594469,36.3633888,2.5180054,4.192
1557391910000,68.5136027235,127.3594394,36.3634374,2.5421035,4.299
1557391912000,66.7914384999,127.3594972,36.3634953,2.7397864,4.324
1557391913000,66.5194521274,127.3595502,36.3635261,3.0201132,4.294
1557391914000,66.4727968236,127.3596119,36.3635602,3.348397,4.336
1557391915000,66.7344786273,127.3597875,36.3636539,7.3086095,6.0
1557391916000,67.1069467919,127.3598639,36.3636992,7.867802,6.0
1557391917000,67.3782872011,127.3599439,36.3637443,8.06579,6.0
1557391918000,67.6052168876,127.3600283,36.3637866,8.3800745,6.0
1557391919000,67.6965210855,127.3601162,36.3638294,8.69529,6.0
1557391920000,68.0444240913,127.3602079,36.3638753,8.96641,6.0
1557391921000,68.1509590658,127.3602933,36.3639222,9.16543,6.0
1557391922000,68.2139442064,127.3603752,36.3639785,9.34224,4.0
1557391923000,68.4544440778,127.3604447,36.3640375,8.863815,4.0
1557391924000,68.7908153407,127.3605127,36.3640948,8.543493,4.0
1557391925000,68.9728764403,127.3605655,36.3641558,7.7798786,6.0
1557391926000,69.3745570374,127.3606005,36.3642294,8.2235,6.0
1557391927000,69.5735471622,127.3606338,36.3643017,8.661505,6.0
1557391928000,69.4794559956,127.360635,36.3643851,8.920074,6.0
1557391929000,69.1406731215,127.3606222,36.3644693,9.217149,6.0
1557391930000,68.7704237978,127.3605961,36.3645541,9.517843,6.0
1557391931000,68.637930424,127.36056,36.3646378,9.780164,6.0
1557391932000,68.36889045,127.3605207,36.3647223,9.940299,6.0
1557391933000,68.1365487275,127.3604829,36.3648087,10.225674,6.0
1557391934000,67.8889425217,127.3604393,36.3648955,10.3366,6.0
1557391935000,67.8383006801,127.360396,36.3649845,10.500462,6.0
1557391936000,67.83923854,127.3603557,36.3650714,10.278979,6.0
1557391937000,67.8482951662,127.3603207,36.3651472,8.933591,6.0
1557391938000,67.5513614165,127.3602903,36.3652148,7.8613,6.0
1557391939000,67.5404447121,127.3602606,36.3652742,6.9924135,8.0
1557391940000,67.5269644202,127.3602338,36.3653251,6.0807357,4.0
1557391941000,67.3238442298,127.3602093,36.3653699,5.2927155,4.0
1557391943000,67.2465546875,127.360163,36.3654449,4.4971466,4.0
1557391945000,67.1684311706,127.3601309,36.3654929,3.7387972,4.805
1557391948000,67.151203932,127.360092,36.3655542,3.0152926,4.523
1557391950000,66.9893623152,127.3600577,36.365609,3.7070086,4.17
1557391951000,67.0927745204,127.3600252,36.3656504,3.828745,3.833
1557391952000,67.0690695608,127.3599769,36.3656993,4.222379,4.0
1557391953000,67.0769217143,127.3599338,36.3657324,5.2674627,4.0
1557391954000,67.0751138131,127.3598905,36.3657711,6.293618,4.0
1557391955000,67.2222668882,127.3598446,36.365823,6.8809724,4.0
1557391956000,67.3320563644,127.3598023,36.365883,7.438879,4.0
1557391957000,67.4046728421,127.3597609,36.3659462,7.9683485,4.0
1557391958000,67.4832579943,127.3597175,36.3660151,8.444751,4.0
1557391959000,67.6473986221,127.3596698,36.3660865,8.917143,4.0
1557391960000,67.679676078,127.3596232,36.3661535,8.5509815,4.0
1557391961000,67.7620261024,127.359581,36.3662158,7.2638445,4.0
1557391962000,67.9849831212,127.3595422,36.3662722,7.037889,6.0
1557391963000,68.0042973546,127.3594986,36.3663258,7.2404227,6.0
1557391964000,68.448654628,127.3594571,36.3663756,6.226587,6.0
1557391965000,68.5151416807,127.3594191,36.3664185,5.317892,6.0
1557391967000,68.777686255,127.3593808,36.3664741,3.762219,5.375
1557391969000,68.4649986774,127.3593673,36.3665615,4.6117673,6.0
1557391971000,68.4245055453,127.359384,36.3666459,4.620239,6.0
1557391973000,68.1461656545,127.3593911,36.3667225,4.2508,6.0
1557391975000,67.8855898353,127.3593188,36.3667796,5.1941323,6.0
1557391976000,67.8235539961,127.359266,36.3668059,5.6255016,6.0
1557391977000,67.778620992,127.3592019,36.3668249,6.040981,6.0
1557391978000,67.8110123502,127.3591345,36.3668456,6.4585776,4.0
1557391979000,67.7965349143,127.3590625,36.3668661,6.808914,4.0
1557391980000,67.7845353149,127.3589908,36.3668852,6.847499,4.0
1557391981000,67.8508490791,127.3589323,36.3669059,5.669841,4.0
1557391982000,67.9528248466,127.3588826,36.3669268,4.883361,8.0
1557391984000,67.8003981461,127.3588135,36.3669429,3.8084733,6.991
1557391986000,67.7034068776,127.3587549,36.3669564,3.974936,4.165
1557391987000,67.8128456744,127.358679,36.3669964,4.8755846,6.0
1557391989000,69.1308780332,127.3585976,36.3670686,5.841146,4.0
1557391991000,68.9789972447,127.3585576,36.3671115,2.4597673,3.565
1557392030000,68.5514328309,127.3584995,36.3670936,0.9059205,3.083
1557392041000,68.6233240004,127.3584374,36.3670857,0.07766498,6.0
1557392070983,80.9000015259,127.3583284,36.3671512,0.0,11.226
1557392100208,78.3000030518,127.3582961,36.3672,0.0,14.497
1557392221598,78.3000030518,127.358295,36.3672088,0.0,15.665
1557392703623,78.3000030518,127.3583067,36.3672689,0.0,15.141
1557392950857,81.5,127.3582774,36.367197,0.0,15.834
1557393052123,81.1999969482,127.358234,36.3672303,0.0,13.479
1557393054996,78.3000030518,127.35822,36.3672407,0.0,13.898
1557393065747,74.5,127.3583165,36.3672316,0.0,15.69
1557393076222,74.5,127.3582935,36.3672886,0.0,13.498
1557393081272,74.4000015259,127.3582525,36.3673479,0.0,15.099
1557393086341,74.5,127.3582288,36.3674254,0.0,13.512
1557393089813,75.3000030518,127.3582162,36.3674951,0.0,13.175
1557393097544,75.9000015259,127.3581151,36.3675134,0.0,12.661
1557393110604,80.5999984741,127.3580606,36.3675001,0.41855064,12.219
1557393112907,80.5999984741,127.3580244,36.3675412,0.35531443,10.946
1557393114755,80.5999984741,127.3579997,36.3675877,0.56102985,10.981
1557393133113,81.0,127.3579672,36.367517,0.0,10.282
1557393172272,81.0,127.3579959,36.3675012,0.0,12.954
1557395946058,89.5711927441,127.3580459,36.3674631,0.3532149,17.311
1557396217144,81.0,127.3579003,36.3673883,0.0,15.953
1557396271534,81.0,127.3579962,36.3674987,0.0,11.921
1557396427666,81.0,127.3579962,36.3674987,0.0,11.921
1557396429653,81.0,127.357927,36.367412,0.0,15.952
1557396444736,81.0,127.3579609,36.3674544,0.0,14.154
1557396449761,80.9000015259,127.3579637,36.3674476,0.0,14.221
1557396580353,81.0,127.3579146,36.3674033,0.0,14.991
1557396628561,81.0,127.3579863,36.3674721,0.0,12.567
1557396698226,81.0,127.3580179,36.367483,0.0,14.72
1557398770815,88.9106789126,127.3580489,36.3674341,0.0,27.43
1557398934004,84.5615422676,127.3581415,36.3671173,0.0,240.918
1557399041387,80.9000015259,127.3579239,36.3673965,0.0,16.175
1557399078593,80.9000015259,127.358009,36.3674793,0.0,13.437
1557399109861,80.5999984741,127.3580477,36.3675365,0.0,12.252
1557399147964,74.4000015259,127.3582001,36.3674387,0.0,12.644
1557399153003,74.5,127.358236,36.3673887,0.0,12.133
1557399163281,74.4000015259,127.3582666,36.3673469,0.0,12.316
1557399183932,74.4000015259,127.3583339,36.3672377,0.0,11.239
1557399193981,73.8000030518,127.3583708,36.3671871,0.0,13.902
1557399196992,73.8000030518,127.3584002,36.3671326,0.12865297,14.764
1557399199072,73.8000030518,127.3584405,36.3670695,0.58278453,17.212
1557399200009,80.9000015259,127.3585448,36.3670571,0.32978174,17.043
1557399202025,80.9000015259,127.3586064,36.3670522,1.4745659,16.899
1557399210000,81.3000030518,127.3586753,36.3670451,0.0,9.369
1557399214000,79.5372074172,127.3587032,36.3669939,1.2179067,6.598
1557399218000,78.4998734445,127.358747,36.366955,1.0829043,5.0
1557399222000,77.5799915513,127.3587991,36.3669375,1.6261544,4.263
1557399226000,77.5187313717,127.358857,36.3669257,1.2159433,4.115
1557399230000,76.1520994636,127.3589113,36.3669127,1.3108432,4.182
1557399234000,75.8832192441,127.3589671,36.3668989,1.4005597,4.11
1557399238000,75.7348885844,127.3590245,36.3668836,1.2876167,4.297
1557399242000,74.9932934802,127.3590901,36.3668759,1.270044,3.655
1557399246000,74.0925719015,127.3591501,36.3668742,1.2615497,3.194
1557399251000,73.4661721473,127.3592127,36.3668684,1.2098787,3.0
1557399255000,73.9590255599,127.359267,36.3668488,1.2145087,3.0
1557399259000,73.9861567029,127.3593232,36.3668283,1.1761932,3.135
1557399263000,73.5491223571,127.3593839,36.3668137,1.1754909,3.144
1557399267000,73.1518153083,127.3594439,36.3668033,1.1495001,3.0
1557399271000,73.3346659184,127.3595053,36.3667872,1.1642679,3.0
1557399275000,73.069012005,127.3595588,36.3667669,1.1541687,3.058
1557399279000,72.8145949473,127.3596096,36.3667401,1.1696316,3.031
1557399282000,72.5924099677,127.3596591,36.3667118,1.2448963,3.068
1557399286000,72.7984256963,127.3597223,36.3666803,1.2868019,3.106
1557399290000,72.4061143482,127.3597869,36.3666594,1.3508608,3.136
1557399294000,71.7767677608,127.3598431,36.3666492,1.2988937,3.114
1557399299000,69.9928288338,127.3599134,36.3666364,1.2487439,3.0
1557399303000,69.9981462374,127.3599717,36.3666213,1.2458657,3.0
1557399308000,69.2752684924,127.3600238,36.3666033,1.1765755,3.79
1557399312000,68.6083020858,127.3600838,36.3665836,1.1458113,4.225
1557399316000,68.0132295269,127.360148,36.3665656,1.1761167,4.36
1557399320000,67.199467527,127.360211,36.3665535,1.1304525,4.223
1557399325000,66.4724912658,127.3602735,36.3665373,1.0590396,4.113
1557399329000,67.1325331744,127.3603352,36.3665348,0.9747748,4.823
1557399339000,70.9123182926,127.3603834,36.3665702,0.7518754,4.08
1557399343000,69.3165512969,127.3604452,36.3666121,0.80555236,4.085
1557399346000,69.1519848113,127.3604998,36.3666483,0.83372384,4.087
1557399350000,68.4284862013,127.3605503,36.3666872,0.8709451,4.298
1557399354000,67.1663050645,127.3605987,36.3667323,0.90845215,4.048
1557399357000,65.9314686529,127.3606393,36.3667729,0.9316257,4.319
1557399361000,65.1761899496,127.3606902,36.3668143,0.9089031,4.11
1557399365000,66.2761600138,127.3607499,36.3668448,0.99511474,4.139
1557399369000,65.6048914506,127.3608057,36.3668717,1.0521193,4.334
1557399374000,65.558868985,127.3608663,36.3668869,1.1155376,4.352
1557399378000,65.6624401409,127.3609244,36.3668898,1.1352618,4.272
1557399382000,64.8981544015,127.3609891,36.3668914,1.1281668,4.229
1557399386000,64.7279701605,127.3610611,36.3668938,1.141371,3.407
1557399390000,64.6153341666,127.3611229,36.3668892,1.1118233,3.011
1557399394000,64.9854300733,127.3611928,36.3668791,1.1527265,3.075
1557399398000,64.7815026693,127.3612579,36.3668674,1.2047567,3.3
1557399401000,67.8780299535,127.3613177,36.3668625,1.3257672,3.194
1557399404000,67.6366029459,127.3613782,36.3668537,1.4504385,3.138
1557399407000,67.6398467219,127.3614325,36.3668433,1.4781655,3.057
1557399411000,67.6399079891,127.3614885,36.3668289,1.4543617,3.0
1557399415000,67.6529109726,127.3615552,36.3668165,1.4148754,3.0
1557399419000,67.4575733741,127.3616264,36.3668032,1.4294113,3.101
1557399423000,67.3867467286,127.3616866,36.3667971,1.4348468,3.92
1557399426000,67.4554756608,127.3617439,36.3667844,1.4247539,3.543
1557399430000,67.640138461,127.3618002,36.3667789,1.3486832,3.476
1557399435000,67.6996837491,127.3618627,36.3667702,1.2093948,3.111
1557399441000,68.0167152057,127.361919,36.366785,1.0804365,3.992
1557399445000,67.7715577283,127.3619804,36.3668164,1.1196891,3.624
1557399449000,68.4330126789,127.3620347,36.3668444,1.2146146,3.031
1557399453000,68.5479196033,127.3620825,36.3668708,1.2617148,3.322
1557399458000,68.4621151817,127.3621317,36.366901,1.2466499,4.07
1557399463000,68.5278351485,127.3621854,36.3669133,1.1713556,3.872
1557399468000,68.6470375607,127.3622536,36.3669314,1.0954989,3.793
1557399472000,68.2664071365,127.3623071,36.3669497,1.1272624,3.769
1557399476000,68.0554731408,127.3623729,36.3669825,1.2255815,3.913
1557399479000,67.9110470631,127.3624267,36.3670109,1.250778,3.0
1557399484000,67.6861900211,127.3624829,36.3670326,1.2105107,3.0
1557399490000,67.5547274024,127.3625492,36.3670478,1.1649209,3.0
1557399494000,67.226194823,127.3626041,36.3670701,1.2102447,3.0
1557399497000,67.2794887234,127.3626436,36.367104,1.2994175,3.0
1557399501000,67.2560876821,127.3627009,36.3671362,1.4100507,3.0
1557399504000,67.5156843034,127.3627486,36.3671675,1.4657545,3.0
1557399507000,67.5126302767,127.3628039,36.3672025,1.4797957,3.0
1557399512000,67.6393869764,127.3628592,36.3672241,1.3080735,3.743
1557399516000,67.2697526552,127.3629077,36.3672531,1.2724367,3.911
1557399518000,67.1987424692,127.3629545,36.3672995,1.3973407,3.1
1557399522000,67.3522833614,127.3630073,36.3673319,1.4965627,3.46
1557399526000,67.2972050072,127.3630644,36.3673608,1.4900575,3.867
1557399530000,67.4647642624,127.3631196,36.3673909,1.4846587,3.922
1557399533000,67.3813325614,127.3631637,36.3674208,1.4650433,4.29
1557399537000,67.6112532619,127.3632125,36.3674564,1.4203221,4.314
1557399541000,67.7128000008,127.3632618,36.3674833,1.3654197,4.231
1557399545000,67.4625418042,127.3633131,36.367509,1.3428962,4.342
1557399550000,67.5355102542,127.3633639,36.3675363,1.2462206,4.111
1557399555000,67.313901709,127.3634205,36.367566,1.1593255,4.037
1557399559000,67.2634151279,127.3634713,36.3675894,1.133567,4.21
1557399564000,67.4114986173,127.3635345,36.3676112,1.1256549,4.288
1557399568000,67.1407400466,127.3635919,36.3676292,1.1618193,4.297
1557399573000,67.1623130825,127.3636516,36.3676456,1.1070821,4.258
1557399581000,67.224281269,127.3637048,36.3676624,0.8772811,4.296
1557399586000,67.2600392937,127.363758,36.3676808,0.81289595,4.023
1557399590000,66.8226039859,127.3638139,36.3676983,0.76621693,3.992
1557399593000,66.8189709939,127.3638706,36.3677172,0.79963404,4.042
1557399596000,66.9037982567,127.3639271,36.3677414,0.87704515,4.057
1557399599000,67.0110294668,127.3639904,36.3677796,1.0208893,4.157
1557399602000,66.9370468715,127.3640553,36.3678242,1.0849385,5.95
1557399607000,66.8209192584,127.3641098,36.3678548,1.1460625,4.229
1557399611000,66.7856747672,127.3641641,36.3678744,1.1282282,4.221
1557399615000,66.6646940133,127.3642271,36.3678772,1.2072023,4.261
1557399618000,66.7365463538,127.3642871,36.3678756,1.2631681,4.314
1557399621000,66.8972469423,127.3643535,36.3678765,1.3003025,3.569
1557399625000,67.2044978042,127.3644155,36.3678887,1.2517829,3.141
1557399629000,67.0459939831,127.3644689,36.3679058,1.158766,3.147
1557399634000,67.4425522759,127.3645382,36.367913,1.1452852,3.0
1557399638000,67.8004096741,127.3646029,36.3679091,1.1887958,3.0
1557399642000,67.8141621139,127.3646666,36.3678989,1.2824364,3.769
1557399645000,67.666387931,127.3647228,36.3678907,1.3518873,4.305
1557399648000,67.8110207442,127.3647812,36.3678805,1.404971,4.385
1557399651000,67.7014225376,127.3648361,36.3678624,1.436202,4.269
1557399655000,67.453034353,127.3648922,36.367847,1.3532577,4.18
1557399660000,67.4557228117,127.3649534,36.3678496,1.2345542,4.483
1557399665000,67.5131045345,127.3650108,36.3678617,1.1186005,4.136
1557399670000,67.343153008,127.3650704,36.3678871,1.0711389,4.107
1557399675000,67.3057158481,127.3651298,36.3679085,1.0556558,4.019
1557399679000,67.4606674901,127.3651958,36.3679257,1.0871434,4.177
1557399683000,67.4705615195,127.365259,36.3679398,1.1147035,4.43
1557399687000,67.602234653,127.3653181,36.3679443,1.1187823,4.256
1557399692000,68.057751098,127.3653783,36.3679452,0.9980074,4.241
1557399698000,68.076904551,127.3654368,36.3679422,0.42362207,4.034
1557399707000,67.4493796621,127.3654977,36.3679371,0.5180284,4.234
1557399713000,67.4512917367,127.3655206,36.3678935,0.6186169,5.053
1557399717000,67.0453330871,127.3655548,36.3678552,0.6320799,5.208
1557399721000,67.0518442217,127.3656035,36.3678224,0.31970802,5.229
1557399725000,66.8699421706,127.3656666,36.3677959,0.008850294,4.787
1557399729000,67.1460819251,127.3657296,36.3677857,0.33803302,4.738
1557399732000,67.0950975101,127.3657873,36.3677747,0.9048404,5.197
1557399734000,66.8188412031,127.3658494,36.3677593,1.0343677,4.54
1557399737000,66.9070782842,127.3659063,36.3677415,0.93075174,4.415
1557399742000,66.9205079061,127.365965,36.3677163,0.85228384,4.089
1557399747000,66.5798543091,127.3660308,36.3677035,0.8635659,4.164
1557399750000,66.5830376183,127.3660869,36.3676991,0.9809526,4.416
1557399754000,66.5740166387,127.3661575,36.3676924,1.1233139,4.379
1557399758000,66.7733882196,127.3662233,36.3676875,1.1979091,4.323
1557399762000,66.7988487227,127.3662826,36.3676762,1.2226233,4.351
1557399766000,66.0975435722,127.3663428,36.367665,1.2819836,4.097
1557399770000,66.2919888944,127.3663996,36.3676598,1.2488323,4.132
1557399775000,66.1979200156,127.3664586,36.3676645,0.01054178,4.258
1557399791000,67.407316215,127.3665152,36.3676794,0.22374482,3.951
1557399796000,67.6440097175,127.3665661,36.3677011,1.0290111,3.99
1557399800000,67.1363860966,127.3666225,36.3677304,1.0603626,5.157
1557399806000,66.3887543114,127.3666836,36.3677596,0.9199286,5.027
1557399810000,66.4583512941,127.366757,36.3677715,0.029359816,5.213
1557399816000,67.471426793,127.3668223,36.3677788,0.37085792,5.094
1557399819000,67.2858833839,127.3668692,36.3678072,0.4347317,5.145
1557399822027,75.5999984741,127.3669717,36.3679208,0.31137395,13.627
1557399837076,71.3000030518,127.3670077,36.3680006,0.0,16.848
1557399859029,71.0999984741,127.3670094,36.3679976,0.0,25.971
1557399905542,89.5,127.3668998,36.3679097,0.0,14.567
1557399927436,89.5,127.3669007,36.3679098,0.0,12.106
1557400878685,89.5,127.3670357,36.3680177,0.0,15.662
1557400894298,89.5,127.3671186,36.3680769,0.0,11.554
1557400925839,89.5,127.3671317,36.3680568,0.0,10.219
1557401096463,89.5,127.3670662,36.3680264,0.0,14.39
1557405018030,0.0,127.368533,36.3649747,0.0,2200.0
1557405319505,89.5,127.3670395,36.36803,0.0,14.572
1557406358173,89.5,127.3669974,36.3679913,0.0,17.451
1557406363187,89.5,127.3669728,36.3679783,0.0,17.522
1557406381624,89.5,127.3669052,36.3679419,0.0,15.412
1557406402394,89.5,127.3669084,36.367925,0.0,13.72
1557406951371,89.3000030518,127.3669018,36.3679077,0.0,13.372
1557406966093,89.5,127.3669648,36.3679552,0.0,12.695
1557406972852,89.5,127.367012,36.3679945,0.0,11.943
1557406993842,89.5,127.3670503,36.3680323,0.0,13.44
1557407003968,89.5,127.3670574,36.3680396,0.0,11.476
1557408067206,89.5,127.3670764,36.3680594,0.0,15.203
1557408573220,89.5999984741,127.3670641,36.3680402,0.0,14.381
1557413686979,89.5,127.3670114,36.3679939,0.0,17.406
1557413686979,89.5,127.3670114,36.3679939,0.0,17.406
1557413707310,89.5,127.3669419,36.3679519,0.0,11.892
1557413737436,89.5,127.3669035,36.3679149,0.0,15.146
1557413742493,89.5,127.3669037,36.367915,0.0,14.327
1557413823602,89.5,127.3669677,36.3679679,0.0,12.598
1557413838643,89.5,127.3670207,36.3680121,0.0,12.754
1557413875408,89.5999984741,127.3670693,36.3680516,0.0,14.272
1557413875408,89.5999984741,127.3670693,36.3680516,0.0,14.272
1557414901536,89.5,127.3670311,36.368011,0.0,14.783
1557414971500,75.5999984741,127.3669753,36.3680066,0.0,28.665
1557414982604,93.9000015259,127.3669904,36.367917,0.0,28.154
1557414995645,0.0,127.3670182,36.368004,0.0,26.766
1557415000666,0.0,127.3670232,36.3678972,0.0,22.474
1557415010733,75.8000030518,127.3669595,36.367881,0.0,40.984
1557415015762,0.0,127.366783,36.3679209,0.0,31.774
1557415021344,84.4000015259,127.3671272,36.3678657,0.0,31.582
1557415026408,75.5999984741,127.3669733,36.3678002,0.0,38.441
1557415029288,75.5999984741,127.3667083,36.3679248,0.0,33.648
1557415036463,79.3000030518,127.3662224,36.3678164,0.0,33.74
1557415044441,75.0999984741,127.3661278,36.3678255,0.0,42.155
1557415052166,0.0,127.3657319,36.3676073,0.0,59.687
1557415058481,75.0999984741,127.3651796,36.3677413,0.0,70.756
1557415067284,0.0,127.3647383,36.3673607,0.0,31.981
1557415073490,0.0,127.3646325,36.3672753,0.0,62.288
1557415082423,0.0,127.3646666,36.3660209,0.0,73.146
1557415087492,0.0,127.3657968,36.3646609,0.0,60.207
1557415092519,106.900001526,127.365463,36.3640192,0.0,61.715
1557415097572,73.8000030518,127.3642434,36.3665529,0.0,53.148
1557415102658,0.0,127.3629514,36.3661134,0.0,46.298
1557415107658,0.0,127.363307,36.3653548,0.0,56.312
1557415112707,0.0,127.3627346,36.365767,0.0,53.65
1557415117742,85.1999969482,127.3618659,36.3659636,0.0,38.617
1557415122776,75.6999969482,127.3619787,36.366855,0.0,53.578
1557415127792,73.9000015259,127.3620926,36.366125,0.0,32.664
1557415132864,74.8000030518,127.3620287,36.3662676,0.0,57.142
1557415137561,0.0,127.3621685,36.3662455,0.0,19.745
1557415142925,73.1999969482,127.3622404,36.3664105,0.0,30.115
1557415149292,72.6999969482,127.3621229,36.3667918,0.0,29.817
1557415158037,73.8000030518,127.3617717,36.366587,0.0,24.898
1557415164134,74.3000030518,127.3615599,36.3665402,0.0,19.106
1557415173223,75.5,127.3613098,36.3664974,0.0,18.408
1557415188117,74.3000030518,127.3610542,36.3664038,0.0,37.139
1557415193513,74.4000015259,127.3608603,36.366414,0.0,39.573
1557415203420,74.3000030518,127.3599129,36.3663478,0.0,68.056
1557415208165,0.0,127.3592848,36.3661596,0.0,40.04
1557415212285,0.0,127.3592251,36.3661417,0.0,50.315
1557415218655,0.0,127.3590761,36.3663729,0.0,59.62
1557415223920,81.3000030518,127.3591514,36.3665106,0.0,65.246
1557415228949,81.0,127.3586688,36.3670058,0.0,25.928
1557415249077,80.9000015259,127.3586217,36.3670803,0.0,18.439
1557415254192,81.3000030518,127.3587423,36.3670443,0.0,29.482
1557415259229,80.9000015259,127.3584925,36.3669683,0.0,31.647
1557415274081,74.4000015259,127.3583861,36.3669953,0.0,27.16
1557415279129,74.4000015259,127.3583588,36.3672405,0.0,17.362
1557415294526,74.5,127.3582853,36.367324,0.0,18.253
1557415309707,75.4000015259,127.3581148,36.3674264,0.0,19.409
1557415314421,75.3000030518,127.3581304,36.3675537,0.0,13.864
1557415328538,77.5999984741,127.3580556,36.3675457,0.0,13.519
1557415366366,80.5,127.3580167,36.3674961,0.0,13.898
1557415421203,81.0,127.3580149,36.3674745,0.0,12.377
1557417629340,81.0,127.3580154,36.367483,0.0,15.096
1557418529855,81.0,127.358025,36.3674824,0.0,15.089
